City_ID,City,Lat,Lng,Max Temp,Humidity,Cloudiness,Wind Speed,Country,Date
0,port-aux-francais,-49.35,70.2167,4.59,87,100,7.69,TF,2023-10-25
1,palikir - national government center,6.9248,158.1611,24.41,94,40,1.54,FM,2023-10-25
2,zaozersk,69.4005,32.4476,-7.33,96,67,2.35,RU,2023-10-25
3,olonkinbyen,70.9221,-8.7187,2.15,91,99,4.47,SJ,2023-10-25
4,sampit,-2.5333,112.95,23.77,94,8,1.07,ID,2023-10-25
5,grytviken,-54.2811,-36.5092,3.65,75,93,5.27,GS,2023-10-25
6,adamstown,-25.066,-130.1015,22.48,83,85,7.06,PN,2023-10-25
7,bilibino,68.0546,166.4372,-16.81,98,71,1.77,RU,2023-10-25
8,melilla,35.2937,-2.9383,26.11,56,0,5.66,ES,2023-10-25
9,waitangi,-43.9535,-176.5597,12.12,97,23,0.89,NZ,2023-10-25
10,afaahiti,-17.75,-149.2833,24.93,76,100,2.79,PF,2023-10-25
11,bredasdorp,-34.5322,20.0403,17.57,68,56,4.93,ZA,2023-10-25
12,longyearbyen,78.2186,15.6401,-3.09,80,40,4.12,SJ,2023-10-25
13,port mathurin,-19.6833,63.4167,24.7,81,9,7.76,MU,2023-10-25
14,puerto natales,-51.7236,-72.4875,7.25,87,100,12.35,CL,2023-10-25
15,geraldton,-28.7667,114.6,16.23,88,21,2.57,AU,2023-10-25
16,christchurch,-43.5333,172.6333,18.01,65,96,5.66,NZ,2023-10-25
17,college,64.8569,-147.8028,-8.64,87,40,2.06,US,2023-10-25
18,la punta,-33.1837,-66.3127,18.73,61,90,1.88,AR,2023-10-25
19,san luis de la loma,17.2706,-100.8939,26.1,86,100,1.87,MX,2023-10-25
20,lebork,54.5392,17.7501,8.84,97,100,3.46,PL,2023-10-25
21,hasaki,35.7333,140.8333,14.22,67,47,6.32,JP,2023-10-25
22,west island,-12.1568,96.8225,25.99,89,40,7.2,CC,2023-10-25
23,iqaluit,63.7506,-68.5145,-5.15,67,40,3.6,CA,2023-10-25
24,carloforte,39.145,8.3058,20.94,77,46,9.71,IT,2023-10-25
25,blackmans bay,-43.0167,147.3167,6.07,77,87,0.45,AU,2023-10-25
26,kattivakkam,13.2167,80.3167,29.48,74,31,3.58,IN,2023-10-25
27,yambio,4.5721,28.3955,23.87,88,25,1.77,SS,2023-10-25
28,eforie sud,44.0229,28.6494,22.67,49,70,3.07,RO,2023-10-25
29,asaita,11.5636,41.4394,32.38,43,99,6.36,ET,2023-10-25
30,polyarnyy,69.1989,33.4478,-3.7,93,52,3.1,RU,2023-10-25
31,ust-nera,64.5667,143.2,-22.55,98,67,1.39,RU,2023-10-25
32,manta,-0.95,-80.7333,26.88,74,100,5.66,EC,2023-10-25
33,rabo de peixe,37.8,-25.5833,21.66,99,75,7.72,PT,2023-10-25
34,edinburgh of the seven seas,-37.0676,-12.3116,10.45,57,68,9.39,SH,2023-10-25
35,augusto correa,-1.0217,-46.635,32.13,48,80,4.38,BR,2023-10-25
36,alice springs,-23.7,133.8833,13.75,28,0,3.6,AU,2023-10-25
37,ribeira grande,38.5167,-28.7,21.22,94,75,10.8,PT,2023-10-25
38,guozhen,34.3659,107.359,17.85,44,98,1.17,CN,2023-10-25
39,iskateley,67.6803,53.1512,-0.55,96,100,6.71,RU,2023-10-25
40,fort mcmurray,56.7268,-111.381,-5.23,63,100,4.12,CA,2023-10-25
41,ilulissat,69.2167,-51.1,-2.99,50,40,7.72,GL,2023-10-25
42,happy valley-goose bay,53.3168,-60.3315,10.17,53,20,7.72,CA,2023-10-25
43,tindouf,27.6711,-8.1474,31.25,19,0,5.14,DZ,2023-10-25
44,aguada de pasajeros,22.385,-80.8508,27.82,58,64,6.64,CU,2023-10-25
45,bodo,67.28,14.405,3.76,74,75,7.72,NO,2023-10-25
46,ushuaia,-54.8,-68.3,9.79,87,100,4.63,AR,2023-10-25
47,urangan,-25.3,152.9,22.46,83,0,6.26,AU,2023-10-25
48,khandyga,62.6667,135.6,-14.88,93,100,1.39,RU,2023-10-25
49,greymouth,-42.4667,171.2,11.75,92,100,5.04,NZ,2023-10-25
50,tchintabaraden,15.8969,5.7985,35.27,6,10,4.4,NE,2023-10-25
51,laguna,38.421,-121.4238,15.01,75,100,5.14,US,2023-10-25
52,yellowknife,62.456,-114.3525,-5.33,85,100,4.12,CA,2023-10-25
53,hadibu,12.65,54.0333,27.3,76,88,5.42,YE,2023-10-25
54,angaur state,6.906,134.13,28.8,74,100,5.01,PW,2023-10-25
55,port lincoln,-34.7333,135.8667,11.36,55,5,7.3,AU,2023-10-25
56,rabaul,-4.1967,152.1721,25.79,80,99,2.64,PG,2023-10-25
57,hawaiian paradise park,19.5933,-154.9731,23.91,92,0,2.57,US,2023-10-25
58,humaita,-7.5061,-63.0208,39.57,31,100,1.34,BR,2023-10-25
59,dubai,25.2582,55.3047,31.96,43,0,1.54,AE,2023-10-25
60,rumoi,43.9344,141.6428,10.49,88,3,2.55,JP,2023-10-25
61,jamestown,42.097,-79.2353,22.77,37,0,4.63,US,2023-10-25
62,port elizabeth,-33.918,25.5701,18.51,82,20,5.14,ZA,2023-10-25
63,chonchi,-42.6128,-73.8092,13.56,57,97,1.92,CL,2023-10-25
64,margaret river,-33.95,115.0667,15.44,79,65,3.86,AU,2023-10-25
65,taltal,-25.4,-70.4833,18.89,68,32,2.96,CL,2023-10-25
66,kavaratti,10.5669,72.642,28.86,65,4,1.14,IN,2023-10-25
67,ola,59.5833,151.2833,-3.25,74,7,3.95,RU,2023-10-25
68,weikersheim,49.4806,9.905,14.27,94,75,5.14,DE,2023-10-25
69,manghit,42.1156,60.0597,16.99,56,68,5.45,UZ,2023-10-25
70,hermanus,-34.4187,19.2345,18.72,72,59,5.19,ZA,2023-10-25
71,dwarka,22.2394,68.9678,27.92,68,6,5.22,IN,2023-10-25
72,nyuzen,36.9333,137.5,12.48,76,0,3.12,JP,2023-10-25
73,tamanrasset,22.785,5.5228,30.95,10,0,2.06,DZ,2023-10-25
74,remire-montjoly,4.9167,-52.2667,33.02,58,75,5.66,GF,2023-10-25
75,tiksi,71.6872,128.8694,-19.26,99,84,2.53,RU,2023-10-25
76,saint-joseph,-21.3667,55.6167,25.21,80,34,1.76,RE,2023-10-25
77,sitka,57.0531,-135.33,1.94,64,20,3.09,US,2023-10-25
78,kailua-kona,19.6406,-155.9956,24.22,70,40,4.02,US,2023-10-25
79,lepsy,46.235,78.9456,14.06,36,93,3.39,KZ,2023-10-25
80,petropavlovsk-kamchatsky,53.0452,158.6483,4.14,78,75,2.68,RU,2023-10-25
81,acarau,-2.8856,-40.12,31.24,54,40,7.81,BR,2023-10-25
82,bhag,29.0415,67.8239,29.22,22,0,1.17,PK,2023-10-25
83,pokhara,28.2333,83.9833,17.14,54,0,3.35,NP,2023-10-25
84,montepuez,-13.1256,38.9997,30.18,46,19,5.2,MZ,2023-10-25
85,palmer,42.1584,-72.3287,21.84,51,40,4.12,US,2023-10-25
86,whitehorse,60.7161,-135.0538,-4.57,63,100,2.57,CA,2023-10-25
87,bethel,41.3712,-73.414,21.31,55,0,1.54,US,2023-10-25
88,nuuk,64.1835,-51.7216,1.34,55,75,5.14,GL,2023-10-25
89,castelo do piaui,-5.3222,-41.5525,40.49,18,30,2.73,BR,2023-10-25
90,akureyri,65.6835,-18.0878,0.96,86,0,0.0,IS,2023-10-25
91,sanctuary point,-35.1114,150.629,14.3,85,99,3.68,AU,2023-10-25
92,sorsk,54.0033,90.2467,3.49,53,100,3.61,RU,2023-10-25
93,bamboo flat,11.7,92.7167,26.05,94,75,1.03,IN,2023-10-25
94,enewetak,11.3474,162.3373,28.22,79,100,6.66,MH,2023-10-25
95,verkhnevilyuysk,63.4453,120.3167,-6.8,93,73,3.11,RU,2023-10-25
96,puerto yuca,2.9383,-73.2083,28.95,80,88,1.73,CO,2023-10-25
97,st. john's,47.5649,-52.7093,12.93,70,75,9.77,CA,2023-10-25
98,ar rutbah,33.0381,40.2848,24.0,40,0,3.67,IQ,2023-10-25
99,glace bay,46.1969,-59.957,15.03,71,75,4.92,CA,2023-10-25
100,tekirova,36.5017,30.5272,23.88,65,95,1.27,TR,2023-10-25
101,kerikeri,-35.2268,173.9474,12.17,93,19,0.45,NZ,2023-10-25
102,papatowai,-46.5619,169.4708,13.25,79,100,4.54,NZ,2023-10-25
103,punta del este,-34.9667,-54.95,17.06,77,75,7.2,UY,2023-10-25
104,ribeira brava,32.65,-17.0667,26.51,75,40,3.07,PT,2023-10-25
105,invercargill,-46.4,168.35,11.12,95,93,2.68,NZ,2023-10-25
106,quellon,-43.1167,-73.6167,11.6,74,100,1.32,CL,2023-10-25
107,sabzevar,36.2126,57.6819,17.91,42,100,1.45,IR,2023-10-25
108,baiti,13.745,-14.7482,38.51,21,99,2.54,SN,2023-10-25
109,saipan,15.1355,145.701,27.39,94,20,2.57,MP,2023-10-25
110,montivilliers,49.5452,0.1877,14.43,77,75,8.75,FR,2023-10-25
111,ciudad madero,22.2667,-97.8333,28.36,94,75,5.27,MX,2023-10-25
112,tarifa,36.0139,-5.607,21.01,83,97,7.19,ES,2023-10-25
113,laojunmiao,39.8333,97.7333,7.06,30,0,1.74,CN,2023-10-25
114,sao miguel do araguaia,-13.275,-50.1628,38.3,26,39,3.64,BR,2023-10-25
115,tura,25.5198,90.2201,20.04,93,5,1.29,IN,2023-10-25
116,tazovsky,67.4667,78.7,-9.15,94,55,2.0,RU,2023-10-25
117,ulan bator,47.9077,106.8832,-6.93,63,0,1.0,MN,2023-10-25
118,georgetown,5.4112,100.3354,27.96,89,20,1.54,MY,2023-10-25
119,udachny,66.4167,112.4,-11.74,89,91,4.38,RU,2023-10-25
120,atafu village,-8.5421,-172.5159,27.95,79,51,5.63,TK,2023-10-25
121,balangir,20.7167,83.4833,21.8,62,2,0.39,IN,2023-10-25
122,badger,64.8,-147.5333,-8.34,90,0,2.06,US,2023-10-25
123,natal,-5.795,-35.2094,30.36,58,40,6.17,BR,2023-10-25
124,la passe,45.5549,-0.8967,16.13,92,100,5.95,FR,2023-10-25
125,formosa do rio preto,-11.0483,-45.1931,33.53,33,98,0.56,BR,2023-10-25
126,pisco,-13.7,-76.2167,20.03,83,100,3.09,PE,2023-10-25
127,vinales,22.6164,-83.7078,28.08,64,29,6.44,CU,2023-10-25
128,tevriz,57.509,72.4042,-0.4,98,100,3.6,RU,2023-10-25
129,island harbour,50.724,-1.2758,13.85,90,98,0.89,GB,2023-10-25
130,kruisfontein,-34.0033,24.7314,16.47,74,32,5.03,ZA,2023-10-25
131,wailua homesteads,22.0669,-159.378,21.24,83,0,3.09,US,2023-10-25
132,callao,-12.0667,-77.15,20.95,88,100,4.12,PE,2023-10-25
133,lebu,-37.6167,-73.65,12.81,66,0,9.3,CL,2023-10-25
134,bontang,0.1333,117.5,26.43,85,42,3.19,ID,2023-10-25
135,el granada,37.5027,-122.4694,16.06,82,40,8.23,US,2023-10-25
136,san luis del palmar,-27.5079,-58.5545,23.87,52,45,3.5,AR,2023-10-25
137,kiama,-34.6833,150.8667,14.44,86,76,1.34,AU,2023-10-25
138,port douglas,-16.4833,145.4667,22.58,79,23,2.17,AU,2023-10-25
139,jayapura,-2.5333,140.7,25.66,92,100,1.65,ID,2023-10-25
140,vadso,70.0744,29.7487,-2.91,80,20,3.09,NO,2023-10-25
141,utrik,11.2278,169.8474,27.37,76,75,5.01,MH,2023-10-25
142,naifaru,5.4444,73.3657,28.0,77,90,3.67,MV,2023-10-25
143,walvis bay,-22.9575,14.5053,16.72,78,30,2.6,NA,2023-10-25
144,miedzyzdroje,53.9292,14.451,11.23,93,100,2.56,PL,2023-10-25
145,obra,24.4167,82.9833,21.35,55,16,0.3,IN,2023-10-25
146,dudinka,69.4058,86.1778,-8.51,96,100,1.34,RU,2023-10-25
147,kodiak,57.79,-152.4072,-3.27,100,0,0.0,US,2023-10-25
148,san patricio,28.017,-97.5169,30.97,64,14,8.02,US,2023-10-25
149,broken hill,-31.95,141.4333,8.35,48,0,9.65,AU,2023-10-25
150,statesville,35.7826,-80.8873,21.92,42,0,1.54,US,2023-10-25
151,hamilton,39.1834,-84.5333,21.06,56,0,5.66,US,2023-10-25
152,wawarsing,41.759,-74.3574,23.67,52,74,2.55,US,2023-10-25
153,salalah,17.0151,54.0924,28.05,78,40,1.03,OM,2023-10-25
154,arraial do cabo,-22.9661,-42.0278,23.92,88,75,5.14,BR,2023-10-25
155,puerto ayora,-0.7393,-90.3518,25.98,93,90,3.13,EC,2023-10-25
156,nagqu,31.5,92.0,-4.05,89,100,3.36,CN,2023-10-25
157,jincheng,35.5022,112.8328,16.67,42,44,2.15,CN,2023-10-25
158,chita,52.0333,113.55,-11.06,73,13,1.0,RU,2023-10-25
159,avarua,-21.2078,-159.775,21.03,56,75,3.09,CK,2023-10-25
160,namsos,64.4662,11.4957,5.03,75,0,2.06,NO,2023-10-25
161,skovorodino,53.9833,123.9167,-1.11,66,100,5.67,RU,2023-10-25
162,port augusta,-32.5,137.7667,9.18,55,19,5.89,AU,2023-10-25
163,calabozo,8.9242,-67.4293,30.42,68,100,1.72,VE,2023-10-25
164,tongren,27.7172,109.1853,20.06,90,100,1.59,CN,2023-10-25
165,thompson,55.7435,-97.8558,-1.91,74,75,5.14,CA,2023-10-25
166,severo-yeniseyskiy,60.3725,93.0408,-1.35,94,100,2.24,RU,2023-10-25
167,cabo san lucas,22.8909,-109.9124,26.45,50,0,3.6,MX,2023-10-25
168,brisas de zicatela,15.8369,-97.0419,29.29,54,75,0.0,MX,2023-10-25
169,huron,41.1501,-82.5499,20.44,45,100,6.53,US,2023-10-25
170,yuzhno-kurilsk,44.0306,145.8556,12.99,87,3,1.66,RU,2023-10-25
171,suntar,62.1444,117.6319,-8.79,92,49,1.75,RU,2023-10-25
172,gretna,29.9147,-90.054,28.89,63,40,5.81,US,2023-10-25
173,zumaia,43.2947,-2.2534,20.74,66,100,7.8,ES,2023-10-25
174,east ballina,-28.8667,153.5833,21.39,86,19,7.55,AU,2023-10-25
175,talnakh,69.4865,88.3972,-8.57,95,100,1.23,RU,2023-10-25
176,la crosse,43.8014,-91.2396,16.87,93,100,3.09,US,2023-10-25
177,sligo,54.2697,-8.4694,11.96,71,0,3.6,IE,2023-10-25
178,isafjordur,66.0755,-23.124,2.02,93,40,2.06,IS,2023-10-25
179,tank,32.2217,70.3793,27.3,36,19,0.43,PK,2023-10-25
180,qaqortoq,60.7167,-46.0333,1.92,72,100,2.91,GL,2023-10-25
181,grantsville,40.5999,-112.4644,17.53,36,70,7.47,US,2023-10-25
182,kristiansund,63.1115,7.732,7.36,70,0,1.54,NO,2023-10-25
183,malvan,16.0667,73.4667,27.04,73,15,2.44,IN,2023-10-25
184,kazanskoye,55.6448,69.235,0.2,97,100,7.57,RU,2023-10-25
185,dryden,49.7833,-92.7503,3.16,81,100,2.57,CA,2023-10-25
186,port alfred,-33.5906,26.891,20.1,76,32,1.79,ZA,2023-10-25
187,kapuskasing,49.4169,-82.4331,3.0,93,100,2.06,CA,2023-10-25
188,albany,42.6001,-73.9662,22.12,57,89,0.89,US,2023-10-25
189,puerto aysen,-45.4,-72.7,11.24,82,100,2.4,CL,2023-10-25
190,northam,51.0333,-4.2167,12.59,87,100,2.89,GB,2023-10-25
191,lihue,21.9789,-159.3672,21.58,83,0,3.09,US,2023-10-25
192,punta arenas,-53.15,-70.9167,9.01,76,40,12.86,CL,2023-10-25
193,barra do corda,-5.5,-45.25,38.15,30,55,2.11,BR,2023-10-25
194,damavand,35.7178,52.065,13.8,42,100,1.68,IR,2023-10-25
195,zhangye,38.9342,100.4517,10.05,27,0,1.53,CN,2023-10-25
196,pionerskiy,54.9508,20.2275,7.86,91,100,11.11,RU,2023-10-25
197,puerto rico,-26.796,-55.024,29.84,44,23,1.84,AR,2023-10-25
198,madang,-5.2246,145.7966,24.75,93,100,0.14,PG,2023-10-25
199,mildura,-34.2,142.15,6.15,71,2,6.53,AU,2023-10-25
200,santa terezinha,-29.9002,-50.0904,21.22,60,51,4.22,BR,2023-10-25
201,yreka,41.7354,-122.6345,10.72,89,100,3.6,US,2023-10-25
202,jabor,5.921,169.6434,29.01,76,32,5.99,MH,2023-10-25
203,tionk essil,12.7856,-16.5217,31.03,45,100,1.47,SN,2023-10-25
204,malpica,43.3228,-8.8105,20.21,79,100,8.5,ES,2023-10-25
205,cheremushki,52.8356,91.3944,4.03,83,100,2.4,RU,2023-10-25
206,mandalgovi,45.7625,106.2708,4.84,36,12,3.69,MN,2023-10-25
207,okhotsk,59.3833,143.3,-10.8,82,5,5.21,RU,2023-10-25
208,korla,41.7597,86.1469,12.93,34,0,0.88,CN,2023-10-25
209,kindu,-2.95,25.95,27.27,67,99,0.2,CD,2023-10-25
210,taksimo,56.3444,114.8794,-7.5,67,52,1.42,RU,2023-10-25
211,balikpapan,-1.2675,116.8289,28.55,79,40,2.57,ID,2023-10-25
212,farafangana,-22.8167,47.8333,25.42,86,100,4.41,MG,2023-10-25
213,lagoa,39.05,-27.9833,19.14,92,100,7.5,PT,2023-10-25
214,howard springs,-12.497,131.047,27.95,86,5,2.2,AU,2023-10-25
215,jeddah,21.5169,39.2192,30.92,66,20,4.12,SA,2023-10-25
216,nemuro,43.3236,145.575,12.11,78,0,2.0,JP,2023-10-25
217,racine,42.7495,-88.0751,17.25,89,100,3.6,US,2023-10-25
218,keflavik,64.0049,-22.5624,9.24,81,75,6.17,IS,2023-10-25
219,namibe,-15.1961,12.1522,20.98,71,54,5.87,AO,2023-10-25
220,harper,4.375,-7.7169,26.55,77,97,2.46,LR,2023-10-25
221,capbreton,43.6422,-1.4282,19.95,98,100,3.02,FR,2023-10-25
222,cidreira,-30.1811,-50.2056,20.72,61,74,4.52,BR,2023-10-25
223,san pedro piedra gorda,22.45,-102.35,22.6,45,43,1.08,MX,2023-10-25
224,beau vallon,-20.4189,57.6953,26.23,78,40,2.06,MU,2023-10-25
225,medicine hat,50.0501,-110.6683,-8.97,83,100,0.0,CA,2023-10-25
226,shingu,33.7333,135.9833,13.94,86,1,2.89,JP,2023-10-25
227,tolanaro,-25.0319,46.9987,22.04,83,40,6.17,MG,2023-10-25
228,nha trang,12.25,109.1833,27.0,92,19,1.76,VN,2023-10-25
229,stanley,54.868,-1.6985,10.71,96,75,4.63,GB,2023-10-25
230,quepos,9.4236,-84.1652,26.9,84,100,3.53,CR,2023-10-25
231,itoman,26.1247,127.6694,24.01,75,40,2.57,JP,2023-10-25
232,hobyo,5.3505,48.5268,28.59,76,21,4.14,SO,2023-10-25
233,vilyuysk,63.7553,121.6247,-7.78,96,80,2.68,RU,2023-10-25
234,leava,-14.3,-178.1667,26.39,75,98,10.43,WF,2023-10-25
235,cabedelo,-6.9811,-34.8339,31.37,62,25,4.91,BR,2023-10-25
236,pacific grove,36.6177,-121.9166,15.29,80,40,2.68,US,2023-10-25
237,pamanukan,-6.2842,107.8106,27.81,74,17,0.91,ID,2023-10-25
238,kutum,14.2,24.6667,29.53,19,2,3.91,SD,2023-10-25
239,muroto-misakicho,33.2833,134.15,19.71,62,0,3.41,JP,2023-10-25
240,richards bay,-28.783,32.0377,20.19,75,0,2.66,ZA,2023-10-25
241,vylkove,45.4021,29.586,20.37,59,80,5.13,UA,2023-10-25
242,trenton,40.217,-74.7429,21.92,58,0,4.12,US,2023-10-25
243,baiyin,36.5583,104.2081,10.7,35,100,1.16,CN,2023-10-25
244,kapa'a,22.0752,-159.319,21.99,83,0,3.09,US,2023-10-25
245,hithadhoo,-0.6,73.0833,27.58,82,44,6.67,MV,2023-10-25
246,sydney mines,46.2367,-60.2177,15.14,73,75,4.63,CA,2023-10-25
247,tupiza,-21.45,-65.7167,23.01,13,100,1.99,BO,2023-10-25
248,sisimiut,66.9395,-53.6735,-1.92,67,100,4.54,GL,2023-10-25
249,saint-philippe,-21.3585,55.7679,25.77,83,41,2.71,RE,2023-10-25
250,kalabo,-14.97,22.6814,31.73,24,88,3.09,ZM,2023-10-25
251,murun-kuren,49.6342,100.1625,3.41,35,37,1.64,MN,2023-10-25
252,portland,45.5234,-122.6762,8.63,94,97,3.58,US,2023-10-25
253,sabang,5.8933,95.3214,27.45,76,94,2.48,ID,2023-10-25
254,lensk,60.7253,114.9278,-2.19,70,75,3.07,RU,2023-10-25
255,apia,-13.8333,-171.7667,23.95,75,66,9.81,WS,2023-10-25
256,lucapa,-8.4192,20.7447,26.9,61,91,1.27,AO,2023-10-25
257,fisterra,42.9049,-9.2629,19.86,90,100,9.56,ES,2023-10-25
258,margate,51.3813,1.3862,13.28,82,80,1.34,GB,2023-10-25
259,soure,-0.7167,-48.5233,30.17,59,37,5.52,BR,2023-10-25
260,broome,42.2506,-75.833,20.95,57,75,3.09,US,2023-10-25
261,praia da vitoria,38.7333,-27.0667,22.14,94,75,7.61,PT,2023-10-25
262,nelson bay,-32.7167,152.15,17.22,86,100,3.58,AU,2023-10-25
263,donaghadee,54.6333,-5.5333,10.84,82,94,0.45,GB,2023-10-25
264,hami,42.8,93.45,12.98,36,0,2.1,CN,2023-10-25
265,kapoeta,4.7717,33.5903,31.4,39,76,5.2,SS,2023-10-25
266,ulanhot,46.0833,122.0833,3.99,27,22,4.1,CN,2023-10-25
267,muang phonsavan,19.45,103.2167,16.93,99,88,0.83,LA,2023-10-25
268,urucuca,-14.5931,-39.2844,35.72,35,68,3.3,BR,2023-10-25
269,ocean city,39.2776,-74.5746,21.1,67,85,1.79,US,2023-10-25
270,hotan,37.0997,79.9269,14.47,19,0,1.13,CN,2023-10-25
271,palmas,-10.2128,-48.3603,32.93,52,20,1.54,BR,2023-10-25
272,minas de marcona,-15.2119,-75.1103,19.19,64,69,4.54,PE,2023-10-25
273,ugoofaaru,5.6667,73.0,28.04,76,87,3.58,MV,2023-10-25
274,salekhard,66.53,66.6019,-7.85,92,90,5.04,RU,2023-10-25
275,klaksvik,62.2266,-6.589,9.51,90,98,8.11,FO,2023-10-25
276,caluula,11.9661,50.7569,28.41,77,59,8.6,SO,2023-10-25
277,fort st. john,56.2499,-120.8529,-17.06,85,75,2.57,CA,2023-10-25
278,stephenville,32.2207,-98.2023,23.81,85,100,4.63,US,2023-10-25
279,pandan,14.0453,124.1694,26.82,87,64,3.02,PH,2023-10-25
280,santa maria,-29.6842,-53.8069,22.27,58,24,3.05,BR,2023-10-25
281,sangod,24.9167,76.2833,27.15,28,66,0.57,IN,2023-10-25
282,kalevala,65.2,31.1667,-2.73,80,4,1.34,RU,2023-10-25
283,aasiaat,68.7098,-52.8699,-11.38,83,82,4.2,GL,2023-10-25
284,ancud,-41.8697,-73.8203,11.42,74,39,3.5,CL,2023-10-25
285,ingeniero guillermo n. juarez,-23.9,-61.85,22.1,82,100,2.91,AR,2023-10-25
286,clarence town,-32.5833,151.7833,17.14,83,100,2.76,AU,2023-10-25
287,reggane,26.7158,0.1714,36.59,14,52,3.83,DZ,2023-10-25
288,colonia,50.9333,6.95,13.01,92,75,3.6,DE,2023-10-25
289,nizhniy odes,63.6445,54.856,-4.96,91,82,2.87,RU,2023-10-25
290,reidsville,36.3549,-79.6645,22.53,37,0,2.06,US,2023-10-25
291,lazaro cardenas,17.9583,-102.2,26.3,84,100,0.94,MX,2023-10-25
292,rawlins,41.7911,-107.2387,13.53,33,0,8.23,US,2023-10-25
293,sechura,-5.5569,-80.8222,24.83,65,98,3.69,PE,2023-10-25
294,belel,7.05,14.4333,21.51,71,88,0.85,CM,2023-10-25
295,trairi,-3.2778,-39.2689,30.86,53,26,6.12,BR,2023-10-25
296,weno,7.4515,151.8468,26.97,94,40,1.54,FM,2023-10-25
297,kasongo-lunda,-6.4667,16.8167,29.46,60,86,1.95,CD,2023-10-25
298,howrah,22.5892,88.3103,28.0,78,20,0.0,IN,2023-10-25
299,tongouson,5.0214,120.1328,28.43,70,12,0.6,PH,2023-10-25
300,shimoda,34.6667,138.95,13.95,72,2,2.48,JP,2023-10-25
301,berezovyy,51.6667,135.7,0.51,80,78,0.53,RU,2023-10-25
302,coahuayana de hidalgo,18.7,-103.6583,28.04,67,97,1.42,MX,2023-10-25
303,harstad,68.799,16.5293,3.68,89,100,3.58,NO,2023-10-25
304,zouerate,22.7187,-12.4521,33.2,22,0,5.03,MR,2023-10-25
305,kyaikto,17.3,97.0167,25.97,88,96,2.12,MM,2023-10-25
306,bangui,4.3612,18.555,31.1,70,40,1.54,CF,2023-10-25
307,ouargla,31.9493,5.325,31.04,23,0,2.06,DZ,2023-10-25
308,san felipe,10.3399,-68.7425,28.98,77,86,0.61,VE,2023-10-25
309,trinidad,-14.8333,-64.9,34.99,49,75,7.2,BO,2023-10-25
310,priozersk,61.0393,30.1291,1.08,86,23,2.78,RU,2023-10-25
311,lyakhavichy,53.0388,26.2656,6.6,93,100,8.53,BY,2023-10-25
312,inhambane,-23.865,35.3833,23.49,67,100,6.45,MZ,2023-10-25
313,zilair,52.2332,57.4392,-2.99,74,100,4.18,RU,2023-10-25
314,great falls,47.5002,-111.3008,-9.07,88,100,5.66,US,2023-10-25
315,ta`u,-14.2336,-169.5144,25.92,75,96,8.79,AS,2023-10-25
316,altai,46.3722,96.2583,2.64,23,14,1.55,MN,2023-10-25
317,turkmenbasy,40.0222,52.9552,14.43,77,0,2.06,TM,2023-10-25
318,portage la prairie,49.9728,-98.2926,0.5,74,100,4.63,CA,2023-10-25
319,thomson,33.4707,-82.5046,24.12,68,0,4.12,US,2023-10-25
320,molochnoye,59.2917,39.6787,0.18,75,50,3.13,RU,2023-10-25
321,kievka,50.2619,71.5514,10.45,72,100,9.37,KZ,2023-10-25
322,ytrebygda,60.305,5.2824,7.93,53,0,2.06,NO,2023-10-25
323,mirpur sakro,24.5474,67.6277,27.73,65,28,5.07,PK,2023-10-25
324,qulsary,46.9531,54.0198,7.11,57,100,6.49,KZ,2023-10-25
325,souillac,-20.5167,57.5167,25.21,78,40,2.06,MU,2023-10-25
326,horsham,51.064,-0.3272,13.58,82,20,1.54,GB,2023-10-25
327,anadyr,64.75,177.4833,3.28,100,100,8.0,RU,2023-10-25
328,mangrol,21.1167,70.1167,28.4,65,23,1.95,IN,2023-10-25
329,achinsk,56.2694,90.4993,3.17,97,100,6.71,RU,2023-10-25
330,antsiranana,-12.2787,49.2917,25.03,89,68,4.63,MG,2023-10-25
331,hailar,49.2,119.7,-1.43,31,0,5.92,CN,2023-10-25
332,tukrah,32.5341,20.5791,25.21,50,100,1.84,LY,2023-10-25
333,nicoya,10.1483,-85.452,27.59,82,98,3.07,CR,2023-10-25
334,fort bragg,35.139,-79.006,23.35,58,0,0.45,US,2023-10-25
335,guerrero negro,27.9769,-114.0611,20.23,65,43,3.52,MX,2023-10-25
336,kas,36.2018,29.6377,23.53,52,85,2.21,TR,2023-10-25
337,port moresby,-9.4431,147.1797,23.68,88,20,2.57,PG,2023-10-25
338,ketchikan,55.3422,-131.6461,3.99,55,0,5.14,US,2023-10-25
339,wynyard,-41.0,145.7167,8.5,67,29,5.86,AU,2023-10-25
340,raiganj,25.6167,88.1167,24.49,65,1,0.83,IN,2023-10-25
341,saldanha,-33.0117,17.9442,20.03,77,19,7.81,ZA,2023-10-25
342,kimbe,-5.5502,150.1429,23.38,93,99,1.84,PG,2023-10-25
343,inyonga,-6.7167,32.0667,21.96,73,100,1.44,TZ,2023-10-25
344,swan view,-31.8833,116.05,18.69,84,36,1.46,AU,2023-10-25
345,osa,57.2829,55.4567,-6.25,94,99,1.75,RU,2023-10-25
346,sinabang,2.4803,96.3801,25.74,83,77,1.26,ID,2023-10-25
347,tazacorte,28.629,-17.9293,24.54,76,40,4.12,ES,2023-10-25
348,chul'man,56.8479,124.9104,-6.09,94,100,5.36,RU,2023-10-25
349,new norfolk,-42.7826,147.0587,6.72,84,86,4.31,AU,2023-10-25
350,zinjibar,13.1287,45.3807,28.4,79,92,8.58,YE,2023-10-25
351,forde,61.4522,5.8572,10.06,42,0,2.57,NO,2023-10-25
352,balkanabat,39.5108,54.3671,21.26,59,83,3.32,TM,2023-10-25
353,mount gambier,-37.8333,140.7667,8.34,71,45,3.93,AU,2023-10-25
354,turpan,42.9333,89.1667,16.68,35,0,0.74,CN,2023-10-25
355,imbituba,-28.24,-48.6703,20.92,69,51,4.77,BR,2023-10-25
356,tangalle,6.024,80.7911,25.56,86,42,2.29,LK,2023-10-25
357,lompoc,34.6391,-120.4579,15.43,66,100,3.58,US,2023-10-25
358,prince rupert,54.3161,-130.3201,5.83,69,0,3.6,CA,2023-10-25
359,mesquite,32.7668,-96.5992,24.23,85,100,5.14,US,2023-10-25
360,dampit,-8.2116,112.7493,20.97,91,18,1.24,ID,2023-10-25
361,bubaque,11.2833,-15.8333,28.26,75,100,3.53,GW,2023-10-25
362,tanjung pandan,-2.75,107.65,25.97,82,10,2.24,ID,2023-10-25
363,afif,23.9065,42.9172,25.19,30,60,4.24,SA,2023-10-25
364,dubbo,-32.25,148.6167,10.07,37,0,5.14,AU,2023-10-25
365,revda,56.801,59.9303,-6.46,92,56,3.35,RU,2023-10-25
366,jijiga,9.35,42.8,21.8,63,98,4.77,ET,2023-10-25
367,todtnau,47.8294,7.9438,14.19,85,100,6.29,DE,2023-10-25
368,madison heights,42.4859,-83.1052,20.0,61,75,4.63,US,2023-10-25
369,pangody,65.85,74.4859,-6.24,90,68,3.18,RU,2023-10-25
370,jiayuguan,39.8167,98.3,8.93,29,0,1.87,CN,2023-10-25
371,nguigmi,14.2495,13.1092,32.94,20,7,2.3,NE,2023-10-25
372,kingston,17.997,-76.7936,28.45,89,75,5.14,JM,2023-10-25
373,besisahar,28.2313,84.3761,18.24,51,0,3.66,NP,2023-10-25
374,berdigestyakh,62.0989,126.6992,-5.05,95,100,2.94,RU,2023-10-25
375,linden,6.0,-58.3,32.14,62,59,2.07,GY,2023-10-25
376,oranjemund,-28.55,16.4333,18.57,70,1,6.9,NA,2023-10-25
377,puerto francisco de orellana,-0.4667,-76.9667,33.03,62,40,2.06,EC,2023-10-25
378,nadym,65.5333,72.5167,-3.99,94,97,3.94,RU,2023-10-25
379,bosaso,11.2842,49.1816,29.31,71,95,3.08,SO,2023-10-25
380,nova xavantina,-14.6667,-52.35,41.4,21,60,1.77,BR,2023-10-25
381,crane,31.3974,-102.3501,19.82,78,50,2.56,US,2023-10-25
382,al bawiti,28.3492,28.8659,27.6,28,0,3.78,EG,2023-10-25
383,rongelap,11.1635,166.8941,28.25,78,99,6.13,MH,2023-10-25
384,ensenada,31.8667,-116.6167,18.86,74,75,1.04,MX,2023-10-25
385,pesqueira,-8.3578,-36.6964,35.42,17,42,3.43,BR,2023-10-25
386,palangkaraya,-2.2,113.8333,24.04,91,40,1.2,ID,2023-10-25
387,ojocaliente,21.8775,-102.6754,24.95,44,35,0.88,MX,2023-10-25
388,curuzu cuatia,-29.7917,-58.0546,21.02,56,69,4.52,AR,2023-10-25
389,luderitz,-26.6481,15.1594,20.8,62,1,4.39,NA,2023-10-25
390,mount isa,-20.7333,139.5,21.87,24,0,8.23,AU,2023-10-25
391,gaiman,-43.2897,-65.4929,23.09,16,35,8.44,AR,2023-10-25
392,coquimbo,-29.9533,-71.3436,14.85,82,75,3.6,CL,2023-10-25
393,qaisumah,28.3112,46.1273,23.98,64,75,6.69,SA,2023-10-25
394,codrington,-38.2667,141.9667,11.11,57,85,8.02,AU,2023-10-25
395,san andres,12.5847,-81.7006,31.01,74,20,3.6,CO,2023-10-25
396,hammerfest,70.6634,23.6821,-1.75,80,20,2.57,NO,2023-10-25
397,camargo,27.6667,-105.1667,19.32,43,0,2.63,MX,2023-10-25
398,straja,47.9167,25.55,16.77,74,87,5.33,RO,2023-10-25
399,tsaratanana,-16.7833,47.65,31.4,40,43,1.66,MG,2023-10-25
400,zehdenick,52.9785,13.3317,11.67,82,84,2.01,DE,2023-10-25
401,conception bay south,47.4999,-52.9981,12.8,74,79,7.09,CA,2023-10-25
402,salinopolis,-0.6136,-47.3561,29.65,62,62,5.98,BR,2023-10-25
403,ndibene dahra,15.3338,-15.4766,40.99,19,100,4.48,SN,2023-10-25
404,magadan,59.5667,150.8,-4.47,78,5,3.16,RU,2023-10-25
405,soria,41.6667,-2.6667,12.28,100,100,7.96,ES,2023-10-25
406,bathsheba,13.2167,-59.5167,28.34,89,20,3.6,BB,2023-10-25
407,winnemucca,40.973,-117.7357,17.03,20,100,7.72,US,2023-10-25
408,san pedro pochutla,15.7333,-96.4667,28.84,62,98,1.84,MX,2023-10-25
409,tomakomai,42.6369,141.6033,10.08,93,75,1.03,JP,2023-10-25
410,kidal,18.4411,1.4078,35.41,7,89,6.58,ML,2023-10-25
411,puerto deseado,-47.7503,-65.8938,18.36,30,40,8.2,AR,2023-10-25
412,fagaras,45.85,24.9667,18.47,65,49,5.7,RO,2023-10-25
413,newman,37.3138,-121.0208,16.14,78,18,1.98,US,2023-10-25
414,kirensk,57.7853,108.1119,0.54,47,100,3.58,RU,2023-10-25
415,carahue,-38.7,-73.1667,17.8,35,0,3.35,CL,2023-10-25
416,guatrache,-37.6678,-63.5302,22.77,28,0,2.93,AR,2023-10-25
417,opuwo,-18.0607,13.84,34.61,13,51,8.33,NA,2023-10-25
418,vallenar,-28.5708,-70.7581,24.77,24,0,4.3,CL,2023-10-25
419,uturoa,-16.7333,-151.4333,26.77,76,100,3.92,PF,2023-10-25
420,alindao,5.0267,21.2088,26.12,84,54,0.72,CF,2023-10-25
421,timbuktu,16.7735,-3.0074,37.81,7,100,5.09,ML,2023-10-25
422,vorgashor,67.5833,63.95,-19.17,100,30,1.09,RU,2023-10-25
423,khorugh,37.4897,71.553,10.83,29,17,1.08,TJ,2023-10-25
424,queenstown,-31.8976,26.8753,22.46,27,15,1.53,ZA,2023-10-25
425,tsiombe,-25.3,45.4833,23.32,76,44,4.9,MG,2023-10-25
426,bella vista,36.4295,-94.2316,24.18,71,75,10.8,US,2023-10-25
427,takab,36.4009,47.1133,11.44,57,42,2.4,IR,2023-10-25
428,baiao,-2.7906,-49.6717,38.52,30,62,1.83,BR,2023-10-25
429,klyuchi,52.2667,79.1667,10.71,49,100,8.05,RU,2023-10-25
430,winterville,35.529,-77.4011,24.99,61,0,0.89,US,2023-10-25
431,kodinsk,58.6881,99.1844,0.24,98,100,3.38,RU,2023-10-25
432,sirte,31.2089,16.5887,28.03,49,100,3.49,LY,2023-10-25
433,katsuura,35.1333,140.3,17.32,79,9,4.54,JP,2023-10-25
434,xishan,27.6667,113.5,20.71,85,100,2.52,CN,2023-10-25
435,westport,41.1415,-73.3579,21.97,59,0,4.63,US,2023-10-25
436,nar'yan-mar,67.6713,53.087,-0.5,96,100,6.71,RU,2023-10-25
437,alaghsas,17.0187,8.0168,35.94,7,8,5.14,NE,2023-10-25
438,amursk,50.2261,136.8994,5.55,78,72,0.63,RU,2023-10-25
439,bikenibeu village,1.3673,173.1241,28.98,79,40,3.09,KI,2023-10-25
440,trogir,43.5125,16.2517,21.03,73,0,1.03,HR,2023-10-25
441,maintirano,-18.0667,44.0167,26.48,83,0,5.8,MG,2023-10-25
442,karkira,36.9292,6.5856,20.44,71,23,7.07,DZ,2023-10-25
443,kijang,35.2442,129.2139,10.85,67,0,1.76,KR,2023-10-25
444,kyzyl-suu,42.3414,78.0056,8.7,45,11,3.75,KG,2023-10-25
445,dawesville,30.9224,-84.0091,26.49,62,0,4.02,US,2023-10-25
446,horta,38.5333,-28.6333,20.8,96,75,10.8,PT,2023-10-25
447,cuatro cienegas de carranza,26.9833,-102.0833,26.19,59,9,1.12,MX,2023-10-25
448,springbok,-29.6643,17.8865,25.21,20,0,2.11,ZA,2023-10-25
449,morondava,-20.2833,44.2833,26.43,82,0,4.95,MG,2023-10-25
450,san antonio de pale,-1.4014,5.6325,26.03,82,87,4.77,GQ,2023-10-25
451,aioun,16.6614,-9.6149,38.19,10,65,5.8,MR,2023-10-25
452,chauk,20.8833,94.8167,25.79,83,83,1.85,MM,2023-10-25
453,port saint john's,-31.6229,29.5448,18.48,79,18,3.0,ZA,2023-10-25
454,kundian,32.4587,71.4775,26.28,31,3,0.74,PK,2023-10-25
455,malango,-2.9627,119.9001,17.73,95,33,1.11,ID,2023-10-25
456,villa gesell,-37.2639,-56.973,13.87,55,11,5.76,AR,2023-10-25
457,smithers,54.7804,-127.1743,-10.82,85,0,1.54,CA,2023-10-25
458,nishifukuma,33.7667,130.4667,14.0,59,0,0.43,JP,2023-10-25
459,pleiku,13.9833,108.0,19.83,98,37,0.56,VN,2023-10-25
460,waddan,29.1614,16.139,30.49,18,99,2.22,LY,2023-10-25
461,tharad,24.3961,71.6267,28.02,44,1,2.82,IN,2023-10-25
462,constantia,44.1833,28.65,22.61,53,69,4.24,RO,2023-10-25
463,sao joao da barra,-21.6403,-41.0511,25.05,76,75,6.6,BR,2023-10-25
464,oravita,45.0325,21.6894,16.15,61,81,2.05,RO,2023-10-25
465,puerto baquerizo moreno,-0.9,-89.6,23.61,84,91,5.91,EC,2023-10-25
466,boa vista,2.8197,-60.6733,33.99,46,40,2.06,BR,2023-10-25
467,kili,5.6439,169.1211,28.81,77,40,6.31,MH,2023-10-25
468,oposhnya,49.9565,34.6123,7.07,94,100,8.02,UA,2023-10-25
469,axim,4.8699,-2.2405,26.7,79,81,3.76,GH,2023-10-25
470,qarqaraly,49.4058,75.4742,7.25,69,100,7.97,KZ,2023-10-25
471,delice,39.9537,34.0259,20.07,32,100,2.51,TR,2023-10-25
472,tulun,54.5611,100.5792,2.44,56,100,1.23,RU,2023-10-25
473,tual,-5.6667,132.75,26.89,78,63,5.72,ID,2023-10-25
474,acapulco de juarez,16.8634,-99.8901,26.06,86,100,1.93,MX,2023-10-25
475,ati,13.2154,18.3353,34.36,13,9,3.13,TD,2023-10-25
476,mezhdurechenskiy,59.6,65.9333,-3.78,68,9,2.83,RU,2023-10-25
477,nieuw nickerie,5.95,-56.9833,29.85,67,45,5.61,SR,2023-10-25
478,flying fish cove,-10.4217,105.6791,25.82,88,75,5.66,CX,2023-10-25
479,saudarkrokur,65.7461,-19.6394,3.31,78,84,0.3,IS,2023-10-25
480,solnechnyy,50.7214,136.6319,3.91,78,69,1.9,RU,2023-10-25
481,kuybyshev,55.4475,78.3218,7.57,60,100,8.55,RU,2023-10-25
482,alesund,62.4723,6.1549,10.42,77,0,4.12,NO,2023-10-25
483,fort-de-france,14.6089,-61.0733,31.97,70,40,4.12,MQ,2023-10-25
484,kalinagar,28.6167,80.1,20.41,61,0,1.26,IN,2023-10-25
485,holualoa,19.6228,-155.9522,22.15,64,40,4.02,US,2023-10-25
486,carnarvon,-24.8667,113.6333,20.36,80,0,7.18,AU,2023-10-25
487,emboscada,-25.15,-57.35,26.89,69,75,4.12,PY,2023-10-25
488,thinadhoo,0.5333,72.9333,27.47,81,59,6.96,MV,2023-10-25
489,quadrivio,45.0297,9.2223,15.39,90,59,0.53,IT,2023-10-25
490,zhezqazghan,47.7833,67.7667,13.53,62,100,8.59,KZ,2023-10-25
491,menongue,-14.6585,17.691,19.95,77,98,2.47,AO,2023-10-25
492,pasuquin,18.3328,120.6177,26.23,85,71,2.43,PH,2023-10-25
493,san vicente,-26.6167,-54.1333,28.37,41,11,2.25,AR,2023-10-25
494,chipinge,-20.1883,32.6236,20.76,75,3,3.26,ZW,2023-10-25
495,ostersund,63.1792,14.6357,0.9,93,75,5.14,SE,2023-10-25
496,nosivka,50.9315,31.5828,7.75,93,100,8.23,UA,2023-10-25
497,macenta,8.5435,-9.471,28.89,62,52,1.17,GN,2023-10-25
498,vetovo,43.7,26.2667,20.89,45,60,2.22,BG,2023-10-25
499,okakarara,-20.5833,17.4333,29.63,9,1,1.62,NA,2023-10-25
500,tabou,4.423,-7.3528,25.87,81,94,0.91,CI,2023-10-25
501,robore,-18.3333,-59.75,33.05,58,75,0.0,BO,2023-10-25
502,gamay,12.3854,125.2979,26.03,91,64,1.94,PH,2023-10-25
503,touros,-5.1989,-35.4608,28.94,56,42,5.92,BR,2023-10-25
504,norilsk,69.3535,88.2027,-8.6,94,100,1.41,RU,2023-10-25
505,nadi,-17.8,177.4167,23.0,73,75,2.57,FJ,2023-10-25
506,as sulayyil,20.4607,45.5779,29.14,59,13,7.92,SA,2023-10-25
507,gejiu,23.306,103.1635,12.16,96,63,1.42,CN,2023-10-25
508,cortland,42.6001,-76.083,21.53,45,40,1.54,US,2023-10-25
509,terra santa,-2.1042,-56.4869,38.79,27,73,2.48,BR,2023-10-25
510,romblon,12.5751,122.2708,27.69,81,31,3.73,PH,2023-10-25
511,qarauyl,48.9451,79.255,9.89,54,100,9.42,KZ,2023-10-25
512,cockburn town,21.4612,-71.1419,27.66,68,53,9.49,TC,2023-10-25
513,dhing,26.4667,92.4667,21.88,79,26,1.12,IN,2023-10-25
514,rio tuba,8.5061,117.4317,27.08,81,25,1.55,PH,2023-10-25
515,fale old settlement,-9.3852,-171.2468,28.24,77,58,6.65,TK,2023-10-25
516,mersa matruh,31.3525,27.2453,25.11,78,0,2.57,EG,2023-10-25
517,oriximina,-1.7656,-55.8661,37.44,34,82,3.09,BR,2023-10-25
518,krasnoarmeysk,51.0239,45.6969,0.59,57,13,2.33,RU,2023-10-25
519,kertih,4.5141,103.4483,25.05,94,50,0.0,MY,2023-10-25
520,sao joaquim,-28.2939,-49.9317,20.48,40,3,2.45,BR,2023-10-25
521,ulsteinvik,62.3432,5.8487,10.42,71,65,3.13,NO,2023-10-25
522,piacabucu,-10.4056,-36.4344,29.56,59,74,7.55,BR,2023-10-25
523,grand-bassam,5.2118,-3.7388,28.98,82,85,3.78,CI,2023-10-25
524,hatton,6.8916,80.5955,16.71,95,65,0.8,LK,2023-10-25
525,myeik,12.4333,98.6,25.69,88,100,0.98,MM,2023-10-25
526,al burayqah,30.4062,19.5739,26.33,44,100,2.74,LY,2023-10-25
527,turiacu,-1.6633,-45.3717,33.51,42,69,4.42,BR,2023-10-25
528,la ronge,55.1001,-105.2842,-4.86,74,100,4.12,CA,2023-10-25
529,inirida,3.8653,-67.9239,35.02,47,85,0.83,CO,2023-10-25
530,cidade velha,14.9167,-23.6167,30.26,58,20,8.23,CV,2023-10-25
531,yerofey pavlovich,53.9667,121.9667,-2.58,57,98,4.82,RU,2023-10-25
532,pahrump,36.2083,-115.9839,21.64,32,3,4.92,US,2023-10-25
533,karatau,43.1667,70.4667,15.74,48,100,3.09,KZ,2023-10-25
534,tofol,5.3248,163.0078,28.15,78,74,5.11,FM,2023-10-25
535,nantucket,41.2835,-70.0995,19.08,80,0,7.72,US,2023-10-25
536,mmabatho,-25.85,25.6333,31.98,6,0,2.06,ZA,2023-10-25
537,tagas,13.1667,123.7167,25.56,92,68,1.71,PH,2023-10-25
538,nouadhibou,20.931,-17.0347,24.75,74,0,8.66,MR,2023-10-25
539,huanggang,23.677,116.9996,22.94,87,76,1.54,CN,2023-10-25
540,bhandara,21.1667,79.65,19.8,52,3,2.07,IN,2023-10-25
541,masterton,-40.9597,175.6575,14.67,80,80,5.08,NZ,2023-10-25
542,bluefields,12.0137,-83.7635,28.04,89,40,2.06,NI,2023-10-25
543,taulaga,-11.0553,-171.0883,28.1,75,48,9.22,AS,2023-10-25
544,lata,40.1629,-8.3327,19.49,96,100,3.07,PT,2023-10-25
545,crixas,-14.5489,-49.9692,39.14,24,28,2.16,BR,2023-10-25
546,bandarbeyla,9.4942,50.8122,27.41,80,65,4.59,SO,2023-10-25
547,chernyshevskiy,63.0128,112.4714,-6.68,95,86,2.65,RU,2023-10-25
548,zyryanskoye,56.8306,86.6258,4.45,72,100,5.14,RU,2023-10-25
549,haiku-pauwela,20.9219,-156.3051,22.8,83,0,1.54,US,2023-10-25
550,arar,30.9753,41.0381,26.01,41,40,6.69,SA,2023-10-25
551,'ain benian,36.8028,2.9219,23.03,79,8,9.26,DZ,2023-10-25
552,senanga,-16.1167,23.2667,29.35,27,69,2.87,ZM,2023-10-25
553,simanggang,1.2472,111.4528,25.99,94,43,0.0,MY,2023-10-25
554,port macquarie,-31.4333,152.9167,18.83,83,100,6.26,AU,2023-10-25
555,sur,22.5667,59.5289,27.42,65,14,5.35,OM,2023-10-25
556,gaspe,48.8334,-64.4819,7.95,100,100,1.54,CA,2023-10-25
557,kone,-21.0595,164.8658,22.26,92,91,1.88,NC,2023-10-25
558,brandon,27.9378,-82.2859,29.46,67,75,6.69,US,2023-10-25
559,tralee,52.2704,-9.7026,12.14,82,100,6.69,IE,2023-10-25
560,mbandaka,0.0487,18.2603,24.81,86,65,1.25,CD,2023-10-25
561,canitas de felipe pescador,23.6,-102.7167,21.44,41,10,2.66,MX,2023-10-25
562,brookings,44.3114,-96.7984,9.54,97,100,3.09,US,2023-10-25
563,kharkhorin,47.1975,102.8238,4.47,26,9,3.28,MN,2023-10-25
564,misratah,32.3754,15.0925,27.87,51,100,5.29,LY,2023-10-25
565,dashitou,43.3067,128.5114,9.83,90,99,2.63,CN,2023-10-25
566,new richmond,45.123,-92.5366,11.45,99,100,2.06,US,2023-10-25
567,hanawa,40.1836,140.7872,9.71,93,0,0.59,JP,2023-10-25
568,dalandzadgad,43.5708,104.425,6.03,21,0,1.22,MN,2023-10-25
569,naantali,60.4674,22.0243,1.23,69,75,4.63,FI,2023-10-25
570,asahikawa,43.7678,142.3703,8.92,89,0,0.98,JP,2023-10-25
571,vancleave,30.5405,-88.6875,27.01,69,100,5.66,US,2023-10-25
572,isiro,2.7739,27.616,21.26,95,88,0.97,CD,2023-10-25
573,khairpur,27.5295,68.7617,26.0,16,0,2.85,PK,2023-10-25
574,bentong town,3.5167,101.9,24.85,96,98,0.73,MY,2023-10-25
575,melekeok village,7.4957,134.6367,27.31,89,75,2.57,PW,2023-10-25
576,sosnovo-ozerskoye,52.5249,111.5418,-6.74,58,17,2.38,RU,2023-10-25
577,murzuq,25.9155,13.9184,27.54,19,85,1.27,LY,2023-10-25
578,quelimane,-17.8786,36.8883,26.21,80,0,4.05,MZ,2023-10-25
579,palu,-0.8917,119.8707,24.14,95,43,1.45,ID,2023-10-25
580,banda aceh,5.5577,95.3222,26.17,83,99,1.91,ID,2023-10-25
581,sikar,27.6167,75.15,23.66,36,0,2.71,IN,2023-10-25
582,kourou,5.1552,-52.6478,33.03,55,92,5.03,GF,2023-10-25
583,tozkhurmato,34.8905,44.6299,24.95,38,0,1.55,IQ,2023-10-25
584,dargecit,37.5454,41.7197,17.16,46,8,0.74,TR,2023-10-25
